seed,treatment,alpha_fijo,mae_fijo,accuracy_fijo,alpha_calibrado,mae_calibrado,accuracy_calibrado,iteraciones,vocabulario,modelo_embeddings,dimension
0,tfidf,0.01,0.48353737592697144,0.5225775837898254,0.553150979474834,0.47817885875701904,0.571495771408081,500,6581.0,,
0,embeddings,0.01,0.49965307116508484,0.4901222884654999,0.5139648452953807,0.47576355934143066,0.5827845931053162,500,,sentence-transformers/distiluse-base-multilingual-cased-v1,512.0
1,tfidf,0.01,0.48430097103118896,0.5089369416236877,0.573183349656351,0.47805336117744446,0.5691439509391785,500,6589.0,,
1,embeddings,0.01,0.49289676547050476,0.5112888216972351,0.5327323971522157,0.4708113968372345,0.5987770557403564,500,,sentence-transformers/distiluse-base-multilingual-cased-v1,512.0
2,tfidf,0.01,0.48346590995788574,0.5216368436813354,0.17632110269957826,0.48056697845458984,0.5663217306137085,500,6617.0,,
2,embeddings,0.01,0.49131089448928833,0.5192850232124329,0.16388338031522026,0.4828645586967468,0.5503292679786682,500,,sentence-transformers/distiluse-base-multilingual-cased-v1,512.0
3,tfidf,0.01,0.4871799051761627,0.5079962611198425,1.8885237056142237,0.4740600883960724,0.5936030149459839,500,6572.0,,
3,embeddings,0.01,0.4994507431983948,0.5136406421661377,1.754502300032232,0.4502745568752289,0.6462841033935547,500,,sentence-transformers/distiluse-base-multilingual-cased-v1,512.0
4,tfidf,0.01,0.4856496751308441,0.5197554230690002,3.275878577884459,0.4727981984615326,0.5917215347290039,500,6617.0,,
4,embeddings,0.01,0.4948137402534485,0.5094073414802551,3.043390239885619,0.43828293681144714,0.6547507047653198,500,,sentence-transformers/distiluse-base-multilingual-cased-v1,512.0
5,tfidf,0.01,0.48566827178001404,0.5075258612632751,2.2548974513436333,0.47455596923828125,0.5983066558837891,500,6579.0,,
5,embeddings,0.01,0.5000691413879395,0.49576669931411743,2.0952314816026356,0.44998699426651,0.6284101605415344,500,,sentence-transformers/distiluse-base-multilingual-cased-v1,512.0
6,tfidf,0.01,0.4853978455066681,0.5202257633209229,1.887364290048075,0.4750812351703644,0.5757290720939636,500,6569.0,,
6,embeddings,0.01,0.4992378354072571,0.50282222032547,1.7540838797638147,0.45224717259407043,0.6359360218048096,500,,sentence-transformers/distiluse-base-multilingual-cased-v1,512.0
7,tfidf,0.01,0.486175000667572,0.5084666013717651,3.3982669146772233,0.4710143804550171,0.5785512924194336,500,6530.0,,
7,embeddings,0.01,0.5004174113273621,0.5023518204689026,3.1590183123649767,0.43733274936676025,0.6523988842964172,500,,sentence-transformers/distiluse-base-multilingual-cased-v1,512.0
8,tfidf,0.01,0.49011844396591187,0.5126999020576477,3.1834856782114684,0.4754205644130707,0.5832549333572388,500,6590.0,,
8,embeddings,0.01,0.49347078800201416,0.5192850232124329,2.958944164208879,0.438384473323822,0.6552210450172424,500,,sentence-transformers/distiluse-base-multilingual-cased-v1,512.0
9,tfidf,0.01,0.48609626293182373,0.5061147809028625,0.12674298814976284,0.48228809237480164,0.5587958693504333,500,6617.0,,
9,embeddings,0.01,0.49676626920700073,0.49717777967453003,0.11783271643970696,0.49013981223106384,0.5253998041152954,500,,sentence-transformers/distiluse-base-multilingual-cased-v1,512.0
10,tfidf,0.01,0.48629286885261536,0.5084666013717651,0.8151500652133419,0.4787818491458893,0.5667920708656311,500,6557.0,,
10,embeddings,0.01,0.4987410604953766,0.5004703402519226,0.7575900461047328,0.4687514007091522,0.6053621768951416,500,,sentence-transformers/distiluse-base-multilingual-cased-v1,512.0
11,tfidf,0.01,0.48530182242393494,0.5108184218406677,0.5916963370095363,0.4788183569908142,0.5719661116600037,500,6614.0,,
11,embeddings,0.01,0.4927782118320465,0.5253998041152954,0.5499491287890044,0.46894222497940063,0.603010356426239,500,,sentence-transformers/distiluse-base-multilingual-cased-v1,512.0
12,tfidf,0.01,0.4808461666107178,0.530573844909668,0.6568514730113593,0.4755803942680359,0.5921918749809265,500,6606.0,,
12,embeddings,0.01,0.49904823303222656,0.497648149728775,0.6108704235252398,0.4723161458969116,0.5907807946205139,500,,sentence-transformers/distiluse-base-multilingual-cased-v1,512.0
13,tfidf,0.01,0.49057796597480774,0.5103480815887451,3.2739891708068796,0.4760691523551941,0.5677328109741211,500,6616.0,,
13,embeddings,0.01,0.49919185042381287,0.5056443810462952,3.0430649526601385,0.43452587723731995,0.6679209470748901,500,,sentence-transformers/distiluse-base-multilingual-cased-v1,512.0
14,tfidf,0.01,0.4845230281352997,0.5249294638633728,1.6164566846246433,0.47529512643814087,0.5870178937911987,500,6599.0,,
14,embeddings,0.01,0.5002543926239014,0.49435558915138245,1.5019955332806934,0.45122072100639343,0.6411100625991821,500,,sentence-transformers/distiluse-base-multilingual-cased-v1,512.0
15,tfidf,0.01,0.48833051323890686,0.5150517225265503,1.3922827728752813,0.4787312150001526,0.5649106502532959,500,6564.0,,
15,embeddings,0.01,0.5047832727432251,0.48400750756263733,1.293540025529306,0.45857250690460205,0.633584201335907,500,,sentence-transformers/distiluse-base-multilingual-cased-v1,512.0
16,tfidf,0.01,0.4897046387195587,0.5159924626350403,0.17756131970195013,0.48757100105285645,0.5489181280136108,500,6547.0,,
16,embeddings,0.01,0.5006042122840881,0.5126999020576477,0.1648549429448349,0.49275442957878113,0.528692364692688,500,,sentence-transformers/distiluse-base-multilingual-cased-v1,512.0
17,tfidf,0.01,0.48252883553504944,0.527751624584198,0.9083176489965524,0.476232647895813,0.5837252736091614,500,6579.0,,
17,embeddings,0.01,0.49612337350845337,0.5070555210113525,0.8438643619169053,0.46094635128974915,0.6190028190612793,500,,sentence-transformers/distiluse-base-multilingual-cased-v1,512.0
18,tfidf,0.01,0.4894634783267975,0.5047036409378052,1.7102890001979365,0.47925400733947754,0.5682032108306885,500,6557.0,,
18,embeddings,0.01,0.5008244514465332,0.499529629945755,1.5885674708348394,0.4574000835418701,0.6284101605415344,500,,sentence-transformers/distiluse-base-multilingual-cased-v1,512.0
19,tfidf,0.01,0.48571282625198364,0.5131702423095703,0.7603487867815457,0.47963395714759827,0.5700846314430237,500,6591.0,,
19,embeddings,0.01,0.49979910254478455,0.5126999020576477,0.706284772099605,0.46998998522758484,0.599247395992279,500,,sentence-transformers/distiluse-base-multilingual-cased-v1,512.0
20,tfidf,0.01,0.4884718060493469,0.5047036409378052,1.9516630496712803,0.47655877470970154,0.5893697142601013,500,6553.0,,
20,embeddings,0.01,0.500715434551239,0.4891815483570099,1.8138086999120941,0.453644335269928,0.6373471021652222,500,,sentence-transformers/distiluse-base-multilingual-cased-v1,512.0
21,tfidf,0.01,0.48602914810180664,0.5150517225265503,0.5756754371316165,0.48119035363197327,0.5625587701797485,500,6598.0,,
21,embeddings,0.01,0.4999321401119232,0.5037629008293152,0.5351099148856319,0.4774744510650635,0.560206949710846,500,,sentence-transformers/distiluse-base-multilingual-cased-v1,512.0
22,tfidf,0.01,0.4861558675765991,0.50282222032547,1.495644019889834,0.4745591878890991,0.6015992164611816,500,6571.0,,
22,embeddings,0.01,0.4954007565975189,0.5094073414802551,1.3894879761313015,0.4502006471157074,0.6519284844398499,500,,sentence-transformers/distiluse-base-multilingual-cased-v1,512.0
23,tfidf,0.01,0.48705199360847473,0.5206961631774902,2.74276042604701,0.47568193078041077,0.5752586722373962,500,6568.0,,
23,embeddings,0.01,0.49233701825141907,0.5103480815887451,2.5502006078610724,0.4402383863925934,0.6702728271484375,500,,sentence-transformers/distiluse-base-multilingual-cased-v1,512.0
24,tfidf,0.01,0.4831106662750244,0.5103480815887451,3.9523765541112224,0.4682021141052246,0.5954844951629639,500,6528.0,,
24,embeddings,0.01,0.49462753534317017,0.5253998041152954,3.672311831811636,0.4320437014102936,0.6650987863540649,500,,sentence-transformers/distiluse-base-multilingual-cased-v1,512.0
25,tfidf,0.01,0.48737043142318726,0.5202257633209229,1.6130698290854004,0.47863033413887024,0.5804327130317688,500,6559.0,,
25,embeddings,0.01,0.4996372163295746,0.5,1.4978426463063486,0.4529016315937042,0.6373471021652222,500,,sentence-transformers/distiluse-base-multilingual-cased-v1,512.0
26,tfidf,0.01,0.4861449599266052,0.525870144367218,1.6178144013162978,0.4763683080673218,0.5809031128883362,500,6549.0,,
26,embeddings,0.01,0.4955867528915405,0.5089369416236877,1.5025893667111239,0.45066744089126587,0.6396989822387695,500,,sentence-transformers/distiluse-base-multilingual-cased-v1,512.0
27,tfidf,0.01,0.48592114448547363,0.5272812843322754,1.5896537724173547,0.47645843029022217,0.5691439509391785,500,6591.0,,
27,embeddings,0.01,0.5017765164375305,0.49905925989151,1.477527476407148,0.45374932885169983,0.635465681552887,500,,sentence-transformers/distiluse-base-multilingual-cased-v1,512.0
28,tfidf,0.01,0.4866108000278473,0.5206961631774902,0.8733990185766343,0.4798929691314697,0.5710253715515137,500,6613.0,,
28,embeddings,0.01,0.5003032088279724,0.499529629945755,0.8116891916982834,0.46945375204086304,0.5884289741516113,500,,sentence-transformers/distiluse-base-multilingual-cased-v1,512.0
29,tfidf,0.01,0.4872364103794098,0.5070555210113525,1.543727893289469,0.4765909016132355,0.5860771536827087,500,6612.0,,
29,embeddings,0.01,0.4934028089046478,0.5164628624916077,1.4342096340734813,0.4481376111507416,0.6561617851257324,500,,sentence-transformers/distiluse-base-multilingual-cased-v1,512.0
